<application>
  <component name="GeneralSettings">
    <option name="showTipsOnStartup" value="false" />
    <option name="reopenLastProject" value="false" />
    <option name="confirmOpenNewProject2" value="-1" />
  </component>
  <component name="Registry">
    <entry key="go.run.processes.with.pty" value="false" />
  </component>
  <component name="StatusBar">
    <option name="widgets">
      <map>
        <entry key="CwmWireStatsWidgetFactory" value="false" />
        <entry key="FlowJSInfo" value="false" />
        <entry key="PowerSaveMode" value="true" />
        <entry key="ReadOnlyAttribute" value="false" />
        <entry key="VfsRefresh" value="true" />
        <entry key="git" value="true" />
      </map>
    </option>
  </component>
</application>